CENTER,ADDRESS,PINCODE,DOSE1,DOSE2,AVAILABILIY_DATE,DATE,TIME
RUBY HALL CLINIC (WANOWARIE),59 6 AZHAD NAGAR WANOWARIE PUNE,411040,1,0,27-05-2021,26-05-2021,9:12:25 pm
RUBY HALL CLINIC (WANOWARIE),59 6 AZHAD NAGAR WANOWARIE PUNE,411040,1,0,27-05-2021,26-05-2021,9:12:55 pm
Sahyadri Hospital Hadapsar,Hadapsar Pune,411028,1,0,29-05-2021,26-05-2021,9:26:03 pm
Sahyadri Hospital Hadapsar,Hadapsar Pune,411028,1,0,29-05-2021,26-05-2021,9:26:33 pm
Symbiosis University Hospital,936 1 And 936 2 Gat Number AT POST LAVALESYMBIOSIS INTERNATIONAL UNIVERSITY (SIU ) CAMPUS 412115 936 1 And 936 2 Gat Number AT POST LAVALESYMBIOSIS INTERNATIONAL UNIVERSITY (SIU ) CAMPUS 412115,412115,1,99,31-05-2021,26-05-2021,9:28:03 pm
Symbiosis University Hospital,936 1 And 936 2 Gat Number AT POST LAVALESYMBIOSIS INTERNATIONAL UNIVERSITY (SIU ) CAMPUS 412115 936 1 And 936 2 Gat Number AT POST LAVALESYMBIOSIS INTERNATIONAL UNIVERSITY (SIU ) CAMPUS 412115,412115,1,99,31-05-2021,26-05-2021,9:28:33 pm
Deenanath Hospital Private,Erandwane Pune,411004,2000,0,27-05-2021,26-05-2021,10:16:18 pm
Deenanath Hospital Private,Erandwane Pune,411004,1000,0,28-05-2021,26-05-2021,10:16:18 pm
Deenanath Hospital Private,Erandwane Pune,411004,1000,0,29-05-2021,26-05-2021,10:16:18 pm
Deenanath Hospital Private,Erandwane Pune,411004,2000,0,27-05-2021,26-05-2021,10:16:48 pm
Deenanath Hospital Private,Erandwane Pune,411004,1000,0,28-05-2021,26-05-2021,10:16:48 pm
Deenanath Hospital Private,Erandwane Pune,411004,1000,0,29-05-2021,26-05-2021,10:16:48 pm
RUBY HALL CLINIC (WANOWARIE),59 6 AZHAD NAGAR WANOWARIE PUNE,411040,3,0,29-05-2021,26-05-2021,10:17:18 pm
SAHYADRI SUPER SP NAGAR ROAD,NAGAR ROAD PUNE,411006,1,0,27-05-2021,26-05-2021,10:17:18 pm
OYSTER And PEARL HOSPITAL,Shivajinagar Pune,411004,1,0,26-05-2021,26-05-2021,10:17:18 pm
RUBY HALL HOSPITAL SASOON ROAD,Near Railway Station Pune,411001,1,0,27-05-2021,26-05-2021,10:17:18 pm
Lalwani Mother And Child Care,SNo.51CTS No.3670 Pune,411009,1,0,27-05-2021,26-05-2021,10:17:18 pm
APOLO CLINIC,Shop 14 20 City Pride Building Below Kotak Mahindra Bank Next To Sant Dyaneshwar Chowk Nigdi Pune Maharashtra 411044,411044,1,10,27-05-2021,26-05-2021,10:17:18 pm
Deenanath Hospital Private,Erandwane Pune,411004,1326,0,27-05-2021,26-05-2021,10:17:18 pm
N M WADIA INSTITUTE CARDIOLOGY,32 SASOON ROAD PUNE,411001,1,10,27-05-2021,26-05-2021,10:17:18 pm
Deenanath Hospital Private,Erandwane Pune,411004,874,0,28-05-2021,26-05-2021,10:17:18 pm
Deenanath Hospital Private,Erandwane Pune,411004,918,0,29-05-2021,26-05-2021,10:17:18 pm
Jehangir Hosp,32 Sasoon Road Pune,411001,2,0,27-05-2021,26-05-2021,10:17:18 pm
Symbiosis University Hospital,936 1 And 936 2 Gat Number AT POST LAVALESYMBIOSIS INTERNATIONAL UNIVERSITY (SIU ) CAMPUS 412115 936 1 And 936 2 Gat Number AT POST LAVALESYMBIOSIS INTERNATIONAL UNIVERSITY (SIU ) CAMPUS 412115,412115,1,100,27-05-2021,26-05-2021,10:17:18 pm
Symbiosis University Hospital,936 1 And 936 2 Gat Number AT POST LAVALESYMBIOSIS INTERNATIONAL UNIVERSITY (SIU ) CAMPUS 412115 936 1 And 936 2 Gat Number AT POST LAVALESYMBIOSIS INTERNATIONAL UNIVERSITY (SIU ) CAMPUS 412115,412115,2,97,28-05-2021,26-05-2021,10:17:18 pm
Symbiosis University Hospital,936 1 And 936 2 Gat Number AT POST LAVALESYMBIOSIS INTERNATIONAL UNIVERSITY (SIU ) CAMPUS 412115 936 1 And 936 2 Gat Number AT POST LAVALESYMBIOSIS INTERNATIONAL UNIVERSITY (SIU ) CAMPUS 412115,412115,1,94,30-05-2021,26-05-2021,10:17:18 pm
Symbiosis University Hospital,936 1 And 936 2 Gat Number AT POST LAVALESYMBIOSIS INTERNATIONAL UNIVERSITY (SIU ) CAMPUS 412115 936 1 And 936 2 Gat Number AT POST LAVALESYMBIOSIS INTERNATIONAL UNIVERSITY (SIU ) CAMPUS 412115,412115,7,98,31-05-2021,26-05-2021,10:17:18 pm
K E M HOSPITAL RASTA PETH,RASTA PETH PUNE,411011,1,0,28-05-2021,26-05-2021,10:17:18 pm
RUBY HALL CLINIC (WANOWARIE),59 6 AZHAD NAGAR WANOWARIE PUNE,411040,3,0,29-05-2021,26-05-2021,10:17:48 pm
SAHYADRI SUPER SP NAGAR ROAD,NAGAR ROAD PUNE,411006,1,0,27-05-2021,26-05-2021,10:17:48 pm
OYSTER And PEARL HOSPITAL,Shivajinagar Pune,411004,1,0,26-05-2021,26-05-2021,10:17:48 pm
RUBY HALL HOSPITAL SASOON ROAD,Near Railway Station Pune,411001,1,0,27-05-2021,26-05-2021,10:17:48 pm
APOLO CLINIC,Shop 14 20 City Pride Building Below Kotak Mahindra Bank Next To Sant Dyaneshwar Chowk Nigdi Pune Maharashtra 411044,411044,1,10,27-05-2021,26-05-2021,10:17:48 pm
Lalwani Mother And Child Care,SNo.51CTS No.3670 Pune,411009,1,0,27-05-2021,26-05-2021,10:17:48 pm
N M WADIA INSTITUTE CARDIOLOGY,32 SASOON ROAD PUNE,411001,1,10,27-05-2021,26-05-2021,10:17:48 pm
Deenanath Hospital Private,Erandwane Pune,411004,1326,0,27-05-2021,26-05-2021,10:17:48 pm
Deenanath Hospital Private,Erandwane Pune,411004,874,0,28-05-2021,26-05-2021,10:17:48 pm
Deenanath Hospital Private,Erandwane Pune,411004,918,0,29-05-2021,26-05-2021,10:17:48 pm
Jehangir Hosp,32 Sasoon Road Pune,411001,2,0,27-05-2021,26-05-2021,10:17:48 pm
Symbiosis University Hospital,936 1 And 936 2 Gat Number AT POST LAVALESYMBIOSIS INTERNATIONAL UNIVERSITY (SIU ) CAMPUS 412115 936 1 And 936 2 Gat Number AT POST LAVALESYMBIOSIS INTERNATIONAL UNIVERSITY (SIU ) CAMPUS 412115,412115,1,100,27-05-2021,26-05-2021,10:17:48 pm
Symbiosis University Hospital,936 1 And 936 2 Gat Number AT POST LAVALESYMBIOSIS INTERNATIONAL UNIVERSITY (SIU ) CAMPUS 412115 936 1 And 936 2 Gat Number AT POST LAVALESYMBIOSIS INTERNATIONAL UNIVERSITY (SIU ) CAMPUS 412115,412115,2,97,28-05-2021,26-05-2021,10:17:48 pm
Symbiosis University Hospital,936 1 And 936 2 Gat Number AT POST LAVALESYMBIOSIS INTERNATIONAL UNIVERSITY (SIU ) CAMPUS 412115 936 1 And 936 2 Gat Number AT POST LAVALESYMBIOSIS INTERNATIONAL UNIVERSITY (SIU ) CAMPUS 412115,412115,1,94,30-05-2021,26-05-2021,10:17:48 pm
Symbiosis University Hospital,936 1 And 936 2 Gat Number AT POST LAVALESYMBIOSIS INTERNATIONAL UNIVERSITY (SIU ) CAMPUS 412115 936 1 And 936 2 Gat Number AT POST LAVALESYMBIOSIS INTERNATIONAL UNIVERSITY (SIU ) CAMPUS 412115,412115,7,98,31-05-2021,26-05-2021,10:17:48 pm
K E M HOSPITAL RASTA PETH,RASTA PETH PUNE,411011,1,0,28-05-2021,26-05-2021,10:17:48 pm
Deenanath Hospital Private,Erandwane Pune,411004,616,0,27-05-2021,26-05-2021,10:18:18 pm
Deenanath Hospital Private,Erandwane Pune,411004,378,0,28-05-2021,26-05-2021,10:18:18 pm
Deenanath Hospital Private,Erandwane Pune,411004,409,0,29-05-2021,26-05-2021,10:18:18 pm
Symbiosis University Hospital,936 1 And 936 2 Gat Number AT POST LAVALESYMBIOSIS INTERNATIONAL UNIVERSITY (SIU ) CAMPUS 412115 936 1 And 936 2 Gat Number AT POST LAVALESYMBIOSIS INTERNATIONAL UNIVERSITY (SIU ) CAMPUS 412115,412115,6,96,29-05-2021,26-05-2021,10:18:18 pm
Symbiosis University Hospital,936 1 And 936 2 Gat Number AT POST LAVALESYMBIOSIS INTERNATIONAL UNIVERSITY (SIU ) CAMPUS 412115 936 1 And 936 2 Gat Number AT POST LAVALESYMBIOSIS INTERNATIONAL UNIVERSITY (SIU ) CAMPUS 412115,412115,1,94,30-05-2021,26-05-2021,10:18:18 pm
Symbiosis University Hospital,936 1 And 936 2 Gat Number AT POST LAVALESYMBIOSIS INTERNATIONAL UNIVERSITY (SIU ) CAMPUS 412115 936 1 And 936 2 Gat Number AT POST LAVALESYMBIOSIS INTERNATIONAL UNIVERSITY (SIU ) CAMPUS 412115,412115,5,98,31-05-2021,26-05-2021,10:18:18 pm
Symbiosis University Hospital,936 1 And 936 2 Gat Number AT POST LAVALESYMBIOSIS INTERNATIONAL UNIVERSITY (SIU ) CAMPUS 412115 936 1 And 936 2 Gat Number AT POST LAVALESYMBIOSIS INTERNATIONAL UNIVERSITY (SIU ) CAMPUS 412115,412115,4,97,01-06-2021,26-05-2021,10:18:18 pm
K E M HOSPITAL RASTA PETH,RASTA PETH PUNE,411011,1,0,29-05-2021,26-05-2021,10:18:18 pm
Ruby Hall Clinic,Rajeev Gandhi Infotech Park Phase I Plot No P-33 HinjawadiPune.,411057,1,0,27-05-2021,26-05-2021,10:18:18 pm
Deenanath Hospital Private,Erandwane Pune,411004,581,0,27-05-2021,26-05-2021,10:18:48 pm
Deenanath Hospital Private,Erandwane Pune,411004,357,0,28-05-2021,26-05-2021,10:18:48 pm
Deenanath Hospital Private,Erandwane Pune,411004,386,0,29-05-2021,26-05-2021,10:18:48 pm
Symbiosis University Hospital,936 1 And 936 2 Gat Number AT POST LAVALESYMBIOSIS INTERNATIONAL UNIVERSITY (SIU ) CAMPUS 412115 936 1 And 936 2 Gat Number AT POST LAVALESYMBIOSIS INTERNATIONAL UNIVERSITY (SIU ) CAMPUS 412115,412115,5,96,29-05-2021,26-05-2021,10:18:48 pm
Symbiosis University Hospital,936 1 And 936 2 Gat Number AT POST LAVALESYMBIOSIS INTERNATIONAL UNIVERSITY (SIU ) CAMPUS 412115 936 1 And 936 2 Gat Number AT POST LAVALESYMBIOSIS INTERNATIONAL UNIVERSITY (SIU ) CAMPUS 412115,412115,2,94,30-05-2021,26-05-2021,10:18:48 pm
Symbiosis University Hospital,936 1 And 936 2 Gat Number AT POST LAVALESYMBIOSIS INTERNATIONAL UNIVERSITY (SIU ) CAMPUS 412115 936 1 And 936 2 Gat Number AT POST LAVALESYMBIOSIS INTERNATIONAL UNIVERSITY (SIU ) CAMPUS 412115,412115,3,98,31-05-2021,26-05-2021,10:18:48 pm
Symbiosis University Hospital,936 1 And 936 2 Gat Number AT POST LAVALESYMBIOSIS INTERNATIONAL UNIVERSITY (SIU ) CAMPUS 412115 936 1 And 936 2 Gat Number AT POST LAVALESYMBIOSIS INTERNATIONAL UNIVERSITY (SIU ) CAMPUS 412115,412115,4,97,01-06-2021,26-05-2021,10:18:48 pm
Ruby Hall Clinic,Rajeev Gandhi Infotech Park Phase I Plot No P-33 HinjawadiPune.,411057,2,0,27-05-2021,26-05-2021,10:18:48 pm
K E M HOSPITAL RASTA PETH,RASTA PETH PUNE,411011,1,0,29-05-2021,26-05-2021,10:18:48 pm
Deenanath Hospital Private,Erandwane Pune,411004,581,0,27-05-2021,26-05-2021,10:19:18 pm
Deenanath Hospital Private,Erandwane Pune,411004,357,0,28-05-2021,26-05-2021,10:19:18 pm
Deenanath Hospital Private,Erandwane Pune,411004,386,0,29-05-2021,26-05-2021,10:19:18 pm
Symbiosis University Hospital,936 1 And 936 2 Gat Number AT POST LAVALESYMBIOSIS INTERNATIONAL UNIVERSITY (SIU ) CAMPUS 412115 936 1 And 936 2 Gat Number AT POST LAVALESYMBIOSIS INTERNATIONAL UNIVERSITY (SIU ) CAMPUS 412115,412115,5,96,29-05-2021,26-05-2021,10:19:18 pm
Symbiosis University Hospital,936 1 And 936 2 Gat Number AT POST LAVALESYMBIOSIS INTERNATIONAL UNIVERSITY (SIU ) CAMPUS 412115 936 1 And 936 2 Gat Number AT POST LAVALESYMBIOSIS INTERNATIONAL UNIVERSITY (SIU ) CAMPUS 412115,412115,2,94,30-05-2021,26-05-2021,10:19:18 pm
Symbiosis University Hospital,936 1 And 936 2 Gat Number AT POST LAVALESYMBIOSIS INTERNATIONAL UNIVERSITY (SIU ) CAMPUS 412115 936 1 And 936 2 Gat Number AT POST LAVALESYMBIOSIS INTERNATIONAL UNIVERSITY (SIU ) CAMPUS 412115,412115,3,98,31-05-2021,26-05-2021,10:19:18 pm
Symbiosis University Hospital,936 1 And 936 2 Gat Number AT POST LAVALESYMBIOSIS INTERNATIONAL UNIVERSITY (SIU ) CAMPUS 412115 936 1 And 936 2 Gat Number AT POST LAVALESYMBIOSIS INTERNATIONAL UNIVERSITY (SIU ) CAMPUS 412115,412115,4,97,01-06-2021,26-05-2021,10:19:18 pm
Ruby Hall Clinic,Rajeev Gandhi Infotech Park Phase I Plot No P-33 HinjawadiPune.,411057,2,0,27-05-2021,26-05-2021,10:19:18 pm
K E M HOSPITAL RASTA PETH,RASTA PETH PUNE,411011,1,0,29-05-2021,26-05-2021,10:19:18 pm
Sahyadri Hospital Hadapsar,Hadapsar Pune,411028,1,0,29-05-2021,26-05-2021,10:19:48 pm
Deenanath Hospital Private,Erandwane Pune,411004,43,0,27-05-2021,26-05-2021,10:19:48 pm
K E M HOSPITAL RASTA PETH,RASTA PETH PUNE,411011,1,0,28-05-2021,26-05-2021,10:19:48 pm
Sahyadri Hospital Hadapsar,Hadapsar Pune,411028,1,0,29-05-2021,26-05-2021,10:20:18 pm
Deenanath Hospital Private,Erandwane Pune,411004,43,0,27-05-2021,26-05-2021,10:20:18 pm
K E M HOSPITAL RASTA PETH,RASTA PETH PUNE,411011,1,0,28-05-2021,26-05-2021,10:20:18 pm
Symbiosis University Hospital,936 1 And 936 2 Gat Number AT POST LAVALESYMBIOSIS INTERNATIONAL UNIVERSITY (SIU ) CAMPUS 412115 936 1 And 936 2 Gat Number AT POST LAVALESYMBIOSIS INTERNATIONAL UNIVERSITY (SIU ) CAMPUS 412115,412115,1,97,28-05-2021,26-05-2021,10:22:18 pm
Symbiosis University Hospital,936 1 And 936 2 Gat Number AT POST LAVALESYMBIOSIS INTERNATIONAL UNIVERSITY (SIU ) CAMPUS 412115 936 1 And 936 2 Gat Number AT POST LAVALESYMBIOSIS INTERNATIONAL UNIVERSITY (SIU ) CAMPUS 412115,412115,1,96,29-05-2021,26-05-2021,10:22:18 pm
Deenanath Hospital Private,Erandwane Pune,411004,1,0,27-05-2021,26-05-2021,10:42:48 pm
Deenanath Hospital Private,Erandwane Pune,411004,1,0,27-05-2021,26-05-2021,10:50:18 pm
Deenanath Hospital Private,Erandwane Pune,411004,1,0,27-05-2021,26-05-2021,10:50:48 pm
Jehangir Hosp,32 Sasoon Road Pune,411001,2,0,27-05-2021,26-05-2021,10:51:18 pm
Jehangir Hosp,32 Sasoon Road Pune,411001,2,0,27-05-2021,26-05-2021,10:51:48 pm
DEOYANI MULTISPECIALITY HOSPI,LANE NO.4DAHANUKAR COLONY KOTHRUD,411038,1,0,27-05-2021,26-05-2021,11:13:54 pm
SAISHREE HOSPITAL,AUNDH PUNE,411007,1,0,27-05-2021,26-05-2021,11:13:54 pm
DEOYANI MULTISPECIALITY HOSPI,LANE NO.4DAHANUKAR COLONY KOTHRUD,411038,1,0,27-05-2021,26-05-2021,11:14:24 pm
SAISHREE HOSPITAL,AUNDH PUNE,411007,1,0,27-05-2021,26-05-2021,11:14:24 pm
Sahyadri Hospital Hadapsar,Hadapsar Pune,411028,1,9,28-05-2021,26-05-2021,11:19:24 pm
Symbiosis University Hospital,936 1 And 936 2 Gat Number AT POST LAVALESYMBIOSIS INTERNATIONAL UNIVERSITY (SIU ) CAMPUS 412115 936 1 And 936 2 Gat Number AT POST LAVALESYMBIOSIS INTERNATIONAL UNIVERSITY (SIU ) CAMPUS 412115,412115,1,98,31-05-2021,26-05-2021,11:19:24 pm
Sahyadri Hospital Hadapsar,Hadapsar Pune,411028,1,9,28-05-2021,26-05-2021,11:19:54 pm
Symbiosis University Hospital,936 1 And 936 2 Gat Number AT POST LAVALESYMBIOSIS INTERNATIONAL UNIVERSITY (SIU ) CAMPUS 412115 936 1 And 936 2 Gat Number AT POST LAVALESYMBIOSIS INTERNATIONAL UNIVERSITY (SIU ) CAMPUS 412115,412115,1,98,31-05-2021,26-05-2021,11:19:54 pm
APOLLO HOSPITAL SANAS GROUND,Sadashiv Peth Saras Baug Opp Sanas Sports Ground Pune,411030,1,0,27-05-2021,26-05-2021,11:26:24 pm
Symbiosis University Hospital,936 1 And 936 2 Gat Number AT POST LAVALESYMBIOSIS INTERNATIONAL UNIVERSITY (SIU ) CAMPUS 412115 936 1 And 936 2 Gat Number AT POST LAVALESYMBIOSIS INTERNATIONAL UNIVERSITY (SIU ) CAMPUS 412115,412115,1,96,29-05-2021,26-05-2021,11:26:24 pm
APOLLO HOSPITAL SANAS GROUND,Sadashiv Peth Saras Baug Opp Sanas Sports Ground Pune,411030,1,0,27-05-2021,26-05-2021,11:26:54 pm
Symbiosis University Hospital,936 1 And 936 2 Gat Number AT POST LAVALESYMBIOSIS INTERNATIONAL UNIVERSITY (SIU ) CAMPUS 412115 936 1 And 936 2 Gat Number AT POST LAVALESYMBIOSIS INTERNATIONAL UNIVERSITY (SIU ) CAMPUS 412115,412115,1,96,29-05-2021,26-05-2021,11:26:54 pm
APOLO CLINIC,Shop 14 20 City Pride Building Below Kotak Mahindra Bank Next To Sant Dyaneshwar Chowk Nigdi Pune Maharashtra 411044,411044,1,10,27-05-2021,26-05-2021,11:28:24 pm
APOLO CLINIC,Shop 14 20 City Pride Building Below Kotak Mahindra Bank Next To Sant Dyaneshwar Chowk Nigdi Pune Maharashtra 411044,411044,1,10,27-05-2021,26-05-2021,11:28:54 pm
BHARATI HOSPITAL DHANKAWADI,DHANKAWADI PUNE,411043,72,0,27-05-2021,26-05-2021,11:31:24 pm
BHARATI HOSPITAL DHANKAWADI,DHANKAWADI PUNE,411043,72,0,27-05-2021,26-05-2021,11:31:54 pm
RUBY HALL HOSPITAL SASOON ROAD,Near Railway Station Pune,411001,1,0,26-05-2021,26-05-2021,11:55:24 pm
Symbiosis University Hospital,936 1 And 936 2 Gat Number AT POST LAVALESYMBIOSIS INTERNATIONAL UNIVERSITY (SIU ) CAMPUS 412115 936 1 And 936 2 Gat Number AT POST LAVALESYMBIOSIS INTERNATIONAL UNIVERSITY (SIU ) CAMPUS 412115,412115,1,98,31-05-2021,27-05-2021,10:56:44 am
Symbiosis University Hospital,936 1 And 936 2 Gat Number AT POST LAVALESYMBIOSIS INTERNATIONAL UNIVERSITY (SIU ) CAMPUS 412115 936 1 And 936 2 Gat Number AT POST LAVALESYMBIOSIS INTERNATIONAL UNIVERSITY (SIU ) CAMPUS 412115,412115,1,98,31-05-2021,27-05-2021,10:57:14 am
